[{"model": "admin.logentry", "pk": 1, "fields": {"action_time": "2021-11-05T16:41:00.672Z", "user": 1, "content_type": 7, "object_id": "1", "object_repr": "SQL Quiz-Database and SQL", "action_flag": 1, "change_message": "[{\"added\": {}}]"}}, {"model": "admin.logentry", "pk": 2, "fields": {"action_time": "2021-11-05T16:41:53.198Z", "user": 1, "content_type": 8, "object_id": "1", "object_repr": "What is ?", "action_flag": 1, "change_message": "[{\"added\": {}}, {\"added\": {\"name\": \"answer\", \"object\": \"question: What is ?, answer: option1, correct: False\"}}, {\"added\": {\"name\": \"answer\", \"object\": \"question: What is ?, answer: optn2, correct: True\"}}, {\"added\": {\"name\": \"answer\", \"object\": \"question: What is ?, answer: optn3, correct: False\"}}]"}}, {"model": "admin.logentry", "pk": 3, "fields": {"action_time": "2021-11-05T18:41:24.137Z", "user": 1, "content_type": 7, "object_id": "1", "object_repr": "SQL Quiz-Database and SQL", "action_flag": 3, "change_message": ""}}, {"model": "admin.logentry", "pk": 4, "fields": {"action_time": "2021-11-05T18:42:22.923Z", "user": 1, "content_type": 7, "object_id": "2", "object_repr": "Basic Maths-Calculations", "action_flag": 1, "change_message": "[{\"added\": {}}]"}}, {"model": "admin.logentry", "pk": 5, "fields": {"action_time": "2021-11-05T18:42:47.226Z", "user": 1, "content_type": 8, "object_id": "2", "object_repr": "1 + 1 = ?", "action_flag": 1, "change_message": "[{\"added\": {}}, {\"added\": {\"name\": \"answer\", \"object\": \"question: 1 + 1 = ?, answer: 2, correct: True\"}}, {\"added\": {\"name\": \"answer\", \"object\": \"question: 1 + 1 = ?, answer: 3, correct: False\"}}, {\"added\": {\"name\": \"answer\", \"object\": \"question: 1 + 1 = ?, answer: 4, correct: False\"}}]"}}, {"model": "admin.logentry", "pk": 6, "fields": {"action_time": "2021-11-05T18:43:15.524Z", "user": 1, "content_type": 8, "object_id": "3", "object_repr": "2 + 2 = ?", "action_flag": 1, "change_message": "[{\"added\": {}}, {\"added\": {\"name\": \"answer\", \"object\": \"question: 2 + 2 = ?, answer: 4, correct: True\"}}, {\"added\": {\"name\": \"answer\", \"object\": \"question: 2 + 2 = ?, answer: 5, correct: False\"}}, {\"added\": {\"name\": \"answer\", \"object\": \"question: 2 + 2 = ?, answer: 6, correct: False\"}}]"}}, {"model": "admin.logentry", "pk": 7, "fields": {"action_time": "2021-11-05T18:43:40.210Z", "user": 1, "content_type": 8, "object_id": "4", "object_repr": "1 + 2 = ?", "action_flag": 1, "change_message": "[{\"added\": {}}, {\"added\": {\"name\": \"answer\", \"object\": \"question: 1 + 2 = ?, answer: 4, correct: False\"}}, {\"added\": {\"name\": \"answer\", \"object\": \"question: 1 + 2 = ?, answer: 3, correct: True\"}}, {\"added\": {\"name\": \"answer\", \"object\": \"question: 1 + 2 = ?, answer: 7, correct: False\"}}]"}}, {"model": "admin.logentry", "pk": 8, "fields": {"action_time": "2021-11-06T03:41:25.981Z", "user": 1, "content_type": 7, "object_id": "3", "object_repr": "Simple English-Communication", "action_flag": 1, "change_message": "[{\"added\": {}}]"}}, {"model": "admin.logentry", "pk": 9, "fields": {"action_time": "2021-11-06T07:09:26.502Z", "user": 1, "content_type": 8, "object_id": "5", "object_repr": "1 + 5 = ?", "action_flag": 1, "change_message": "[{\"added\": {}}, {\"added\": {\"name\": \"answer\", \"object\": \"question: 1 + 5 = ?, answer: 6, correct: True\"}}, {\"added\": {\"name\": \"answer\", \"object\": \"question: 1 + 5 = ?, answer: 7, correct: False\"}}, {\"added\": {\"name\": \"answer\", \"object\": \"question: 1 + 5 = ?, answer: 9, correct: False\"}}]"}}, {"model": "admin.logentry", "pk": 10, "fields": {"action_time": "2021-11-06T07:09:46.912Z", "user": 1, "content_type": 8, "object_id": "6", "object_repr": "1 + 7 = ?", "action_flag": 1, "change_message": "[{\"added\": {}}, {\"added\": {\"name\": \"answer\", \"object\": \"question: 1 + 7 = ?, answer: 8, correct: True\"}}, {\"added\": {\"name\": \"answer\", \"object\": \"question: 1 + 7 = ?, answer: 6, correct: False\"}}, {\"added\": {\"name\": \"answer\", \"object\": \"question: 1 + 7 = ?, answer: 4, correct: False\"}}]"}}, {"model": "admin.logentry", "pk": 11, "fields": {"action_time": "2021-11-06T07:10:13.420Z", "user": 1, "content_type": 8, "object_id": "7", "object_repr": "3 + 7 = ?", "action_flag": 1, "change_message": "[{\"added\": {}}, {\"added\": {\"name\": \"answer\", \"object\": \"question: 3 + 7 = ?, answer: 01, correct: False\"}}, {\"added\": {\"name\": \"answer\", \"object\": \"question: 3 + 7 = ?, answer: 10, correct: True\"}}, {\"added\": {\"name\": \"answer\", \"object\": \"question: 3 + 7 = ?, answer: 1, correct: False\"}}]"}}, {"model": "admin.logentry", "pk": 12, "fields": {"action_time": "2021-11-06T07:10:41.936Z", "user": 1, "content_type": 8, "object_id": "8", "object_repr": "3 + 2 = ?", "action_flag": 1, "change_message": "[{\"added\": {}}, {\"added\": {\"name\": \"answer\", \"object\": \"question: 3 + 2 = ?, answer: 6, correct: False\"}}, {\"added\": {\"name\": \"answer\", \"object\": \"question: 3 + 2 = ?, answer: 5, correct: True\"}}, {\"added\": {\"name\": \"answer\", \"object\": \"question: 3 + 2 = ?, answer: 8, correct: False\"}}]"}}, {"model": "admin.logentry", "pk": 13, "fields": {"action_time": "2021-11-06T17:58:13.878Z", "user": 1, "content_type": 7, "object_id": "2", "object_repr": "Basic Maths-Calculations", "action_flag": 2, "change_message": "[{\"changed\": {\"fields\": [\"Desc\"]}}]"}}, {"model": "admin.logentry", "pk": 14, "fields": {"action_time": "2021-11-06T18:06:48.103Z", "user": 1, "content_type": 7, "object_id": "2", "object_repr": "Basic Maths-Calculations", "action_flag": 2, "change_message": "[{\"changed\": {\"fields\": [\"Time\"]}}]"}}, {"model": "admin.logentry", "pk": 15, "fields": {"action_time": "2021-11-06T18:12:24.429Z", "user": 1, "content_type": 7, "object_id": "3", "object_repr": "Simple English-Communication", "action_flag": 2, "change_message": "[{\"changed\": {\"fields\": [\"Desc\"]}}]"}}, {"model": "admin.logentry", "pk": 16, "fields": {"action_time": "2021-11-07T03:39:23.629Z", "user": 1, "content_type": 7, "object_id": "2", "object_repr": "Basic Maths-Calculations", "action_flag": 2, "change_message": "[{\"changed\": {\"fields\": [\"Time\"]}}]"}}, {"model": "auth.permission", "pk": 1, "fields": {"name": "Can add log entry", "content_type": 1, "codename": "add_logentry"}}, {"model": "auth.permission", "pk": 2, "fields": {"name": "Can change log entry", "content_type": 1, "codename": "change_logentry"}}, {"model": "auth.permission", "pk": 3, "fields": {"name": "Can delete log entry", "content_type": 1, "codename": "delete_logentry"}}, {"model": "auth.permission", "pk": 4, "fields": {"name": "Can view log entry", "content_type": 1, "codename": "view_logentry"}}, {"model": "auth.permission", "pk": 5, "fields": {"name": "Can add permission", "content_type": 2, "codename": "add_permission"}}, {"model": "auth.permission", "pk": 6, "fields": {"name": "Can change permission", "content_type": 2, "codename": "change_permission"}}, {"model": "auth.permission", "pk": 7, "fields": {"name": "Can delete permission", "content_type": 2, "codename": "delete_permission"}}, {"model": "auth.permission", "pk": 8, "fields": {"name": "Can view permission", "content_type": 2, "codename": "view_permission"}}, {"model": "auth.permission", "pk": 9, "fields": {"name": "Can add group", "content_type": 3, "codename": "add_group"}}, {"model": "auth.permission", "pk": 10, "fields": {"name": "Can change group", "content_type": 3, "codename": "change_group"}}, {"model": "auth.permission", "pk": 11, "fields": {"name": "Can delete group", "content_type": 3, "codename": "delete_group"}}, {"model": "auth.permission", "pk": 12, "fields": {"name": "Can view group", "content_type": 3, "codename": "view_group"}}, {"model": "auth.permission", "pk": 13, "fields": {"name": "Can add user", "content_type": 4, "codename": "add_user"}}, {"model": "auth.permission", "pk": 14, "fields": {"name": "Can change user", "content_type": 4, "codename": "change_user"}}, {"model": "auth.permission", "pk": 15, "fields": {"name": "Can delete user", "content_type": 4, "codename": "delete_user"}}, {"model": "auth.permission", "pk": 16, "fields": {"name": "Can view user", "content_type": 4, "codename": "view_user"}}, {"model": "auth.permission", "pk": 17, "fields": {"name": "Can add content type", "content_type": 5, "codename": "add_contenttype"}}, {"model": "auth.permission", "pk": 18, "fields": {"name": "Can change content type", "content_type": 5, "codename": "change_contenttype"}}, {"model": "auth.permission", "pk": 19, "fields": {"name": "Can delete content type", "content_type": 5, "codename": "delete_contenttype"}}, {"model": "auth.permission", "pk": 20, "fields": {"name": "Can view content type", "content_type": 5, "codename": "view_contenttype"}}, {"model": "auth.permission", "pk": 21, "fields": {"name": "Can add session", "content_type": 6, "codename": "add_session"}}, {"model": "auth.permission", "pk": 22, "fields": {"name": "Can change session", "content_type": 6, "codename": "change_session"}}, {"model": "auth.permission", "pk": 23, "fields": {"name": "Can delete session", "content_type": 6, "codename": "delete_session"}}, {"model": "auth.permission", "pk": 24, "fields": {"name": "Can view session", "content_type": 6, "codename": "view_session"}}, {"model": "auth.permission", "pk": 25, "fields": {"name": "Can add quiz", "content_type": 7, "codename": "add_quiz"}}, {"model": "auth.permission", "pk": 26, "fields": {"name": "Can change quiz", "content_type": 7, "codename": "change_quiz"}}, {"model": "auth.permission", "pk": 27, "fields": {"name": "Can delete quiz", "content_type": 7, "codename": "delete_quiz"}}, {"model": "auth.permission", "pk": 28, "fields": {"name": "Can view quiz", "content_type": 7, "codename": "view_quiz"}}, {"model": "auth.permission", "pk": 29, "fields": {"name": "Can add question", "content_type": 8, "codename": "add_question"}}, {"model": "auth.permission", "pk": 30, "fields": {"name": "Can change question", "content_type": 8, "codename": "change_question"}}, {"model": "auth.permission", "pk": 31, "fields": {"name": "Can delete question", "content_type": 8, "codename": "delete_question"}}, {"model": "auth.permission", "pk": 32, "fields": {"name": "Can view question", "content_type": 8, "codename": "view_question"}}, {"model": "auth.permission", "pk": 33, "fields": {"name": "Can add answer", "content_type": 9, "codename": "add_answer"}}, {"model": "auth.permission", "pk": 34, "fields": {"name": "Can change answer", "content_type": 9, "codename": "change_answer"}}, {"model": "auth.permission", "pk": 35, "fields": {"name": "Can delete answer", "content_type": 9, "codename": "delete_answer"}}, {"model": "auth.permission", "pk": 36, "fields": {"name": "Can view answer", "content_type": 9, "codename": "view_answer"}}, {"model": "auth.permission", "pk": 37, "fields": {"name": "Can add result", "content_type": 10, "codename": "add_result"}}, {"model": "auth.permission", "pk": 38, "fields": {"name": "Can change result", "content_type": 10, "codename": "change_result"}}, {"model": "auth.permission", "pk": 39, "fields": {"name": "Can delete result", "content_type": 10, "codename": "delete_result"}}, {"model": "auth.permission", "pk": 40, "fields": {"name": "Can view result", "content_type": 10, "codename": "view_result"}}, {"model": "auth.user", "pk": 1, "fields": {"password": "pbkdf2_sha256$260000$Wq9dwbLYduNlDuMDFkiQyd$MxdK+ONokPgjLtXuDN2SLz6p1iL+oPzVoMVIvoYxK4k=", "last_login": "2021-11-07T03:37:55.961Z", "is_superuser": true, "username": "anurag", "first_name": "", "last_name": "", "email": "example@mail.com", "is_staff": true, "is_active": true, "date_joined": "2021-11-05T16:07:19.207Z", "groups": [], "user_permissions": []}}, {"model": "auth.user", "pk": 2, "fields": {"password": "pbkdf2_sha256$260000$RFPob3vSh1TweZv1vOyqRg$tPvzSv5bwDEXXXKJkACQUmWNjX0WfFx55uOOBpwgr50=", "last_login": "2021-11-06T15:34:14.629Z", "is_superuser": false, "username": "walkover", "first_name": "", "last_name": "", "email": "example@gmail.com", "is_staff": false, "is_active": true, "date_joined": "2021-11-06T15:33:09.589Z", "groups": [], "user_permissions": []}}, {"model": "auth.user", "pk": 3, "fields": {"password": "pbkdf2_sha256$260000$LyZhFYG88HEZtbqOoRlEbg$g4d/MSF5yVS4AGCu1yHgD4IV01MHl/jaGOBUuTGMFJY=", "last_login": "2021-11-06T18:29:41.771Z", "is_superuser": false, "username": "user", "first_name": "", "last_name": "", "email": "user@mail.com", "is_staff": false, "is_active": true, "date_joined": "2021-11-06T16:09:22.503Z", "groups": [], "user_permissions": []}}, {"model": "contenttypes.contenttype", "pk": 1, "fields": {"app_label": "admin", "model": "logentry"}}, {"model": "contenttypes.contenttype", "pk": 2, "fields": {"app_label": "auth", "model": "permission"}}, {"model": "contenttypes.contenttype", "pk": 3, "fields": {"app_label": "auth", "model": "group"}}, {"model": "contenttypes.contenttype", "pk": 4, "fields": {"app_label": "auth", "model": "user"}}, {"model": "contenttypes.contenttype", "pk": 5, "fields": {"app_label": "contenttypes", "model": "contenttype"}}, {"model": "contenttypes.contenttype", "pk": 6, "fields": {"app_label": "sessions", "model": "session"}}, {"model": "contenttypes.contenttype", "pk": 7, "fields": {"app_label": "tests", "model": "quiz"}}, {"model": "contenttypes.contenttype", "pk": 8, "fields": {"app_label": "questions", "model": "question"}}, {"model": "contenttypes.contenttype", "pk": 9, "fields": {"app_label": "questions", "model": "answer"}}, {"model": "contenttypes.contenttype", "pk": 10, "fields": {"app_label": "scores", "model": "result"}}, {"model": "sessions.session", "pk": "06yi1c5k3m998hvzraxmdnbfqclzg7hj", "fields": {"session_data": ".eJxVjDkOwjAURO_iGlm28QYlfc5g_cXGAeRIcVIh7k4ipYBminlv5i0SrEtNa89zGllchRan3w6BnrntgB_Q7pOkqS3ziHJX5EG7HCbOr9vh_h1U6HVbI_ugPBkPZ71lCMaw5aAsAcbiCtvMJUZvSSG7SJhzAUsatLto9FZ8vu-IOIs:1mj1lF:rry6G6CWevhRm2_cfQR_C-dgybTrUaXr53dpEvSFG3c", "expire_date": "2021-11-19T16:08:13.798Z"}}, {"model": "sessions.session", "pk": "4iw9tkq95qtyih598ko1dvhu4besmn5h", "fields": {"session_data": ".eJxVjDsOwjAQBe_iGllex59dSnrOYPmLA8iW4qRC3B0ipYD2zcx7Mee3tbpt5MXNiZ3ZxE6_W_DxkdsO0t23W-ext3WZA98VftDBrz3l5-Vw_w6qH_VbR6EVZUgRcbKGAJEwgFIleCMUFUAjC9hMk0cwFqVJWWmpAyFZKQJ7fwC45jaA:1mjQRh:FZDZ8n3HGyAFHag5Oz8_MnN6wQOePXux_wff6_-oWtw", "expire_date": "2021-11-20T18:29:41.779Z"}}, {"model": "sessions.session", "pk": "4yne0by7yudaimwnrrh4jrrdftgjqlok", "fields": {"session_data": ".eJxVjDkOwjAURO_iGlm28QYlfc5g_cXGAeRIcVIh7k4ipYBminlv5i0SrEtNa89zGllchRan3w6BnrntgB_Q7pOkqS3ziHJX5EG7HCbOr9vh_h1U6HVbI_ugPBkPZ71lCMaw5aAsAcbiCtvMJUZvSSG7SJhzAUsatLto9FZ8vu-IOIs:1mjQZR:3--T18O3adjfZBSLK6DO4O507eA1QbJ-iLg1ltYbEyA", "expire_date": "2021-11-20T18:37:41.734Z"}}, {"model": "sessions.session", "pk": "66j5xw8awm1qelmujauh39c8o3vplzjc", "fields": {"session_data": "e30:1mjNVv:7dEeoMclUezCsZjHrVENsweWnTZarJRghPa6pcrpTOc", "expire_date": "2021-11-20T15:21:51.849Z"}}, {"model": "sessions.session", "pk": "doeuqwiqp3lul7h1ur5l4f48grlijuq4", "fields": {"session_data": "e30:1mjNaz:ODtWxD1tKr9ouK4UqDYIJeRifzZoEj5NrIQm6RrMA4k", "expire_date": "2021-11-20T15:27:05.140Z"}}, {"model": "sessions.session", "pk": "iprslrc61klhxarpvu78ijy0krynjyao", "fields": {"session_data": ".eJxVjDkOwjAURO_iGlm28QYlfc5g_cXGAeRIcVIh7k4ipYBminlv5i0SrEtNa89zGllchRan3w6BnrntgB_Q7pOkqS3ziHJX5EG7HCbOr9vh_h1U6HVbI_ugPBkPZ71lCMaw5aAsAcbiCtvMJUZvSSG7SJhzAUsatLto9FZ8vu-IOIs:1mjCZP:w2tWs6BQAaGGyvHNQnl8uUqeYQ7jrCKc9RxsXviA8xE", "expire_date": "2021-11-20T03:40:43.909Z"}}, {"model": "sessions.session", "pk": "yzy84k150y5u2szkqlujjs86ny7pkdlx", "fields": {"session_data": "e30:1mjNYq:0p5sI53smCQT21A-nJGTHcdzDWOVT-4h_Ve9NwyG9zM", "expire_date": "2021-11-20T15:24:52.415Z"}}, {"model": "tests.quiz", "pk": 2, "fields": {"name": "Basic Maths", "topic": "Calculations", "number_of_questions": 3, "time": 1, "required_score_to_pass": 60, "difficulty": "simple", "desc": "This is a basic math quiz"}}, {"model": "tests.quiz", "pk": 3, "fields": {"name": "Simple English", "topic": "Communication", "number_of_questions": 5, "time": 2, "required_score_to_pass": 70, "difficulty": "moderate", "desc": "This is quiz in simple english"}}, {"model": "questions.question", "pk": 2, "fields": {"text": "1 + 1 = ?", "quiz": 2, "created": "2021-11-05T18:42:47.221Z"}}, {"model": "questions.question", "pk": 3, "fields": {"text": "2 + 2 = ?", "quiz": 2, "created": "2021-11-05T18:43:15.518Z"}}, {"model": "questions.question", "pk": 4, "fields": {"text": "1 + 2 = ?", "quiz": 2, "created": "2021-11-05T18:43:40.206Z"}}, {"model": "questions.question", "pk": 5, "fields": {"text": "1 + 5 = ?", "quiz": 2, "created": "2021-11-06T07:09:26.494Z"}}, {"model": "questions.question", "pk": 6, "fields": {"text": "1 + 7 = ?", "quiz": 2, "created": "2021-11-06T07:09:46.904Z"}}, {"model": "questions.question", "pk": 7, "fields": {"text": "3 + 7 = ?", "quiz": 2, "created": "2021-11-06T07:10:13.406Z"}}, {"model": "questions.question", "pk": 8, "fields": {"text": "3 + 2 = ?", "quiz": 2, "created": "2021-11-06T07:10:41.929Z"}}, {"model": "questions.answer", "pk": 4, "fields": {"text": "2", "correct": true, "question": 2, "created": "2021-11-05T18:42:47.224Z"}}, {"model": "questions.answer", "pk": 5, "fields": {"text": "3", "correct": false, "question": 2, "created": "2021-11-05T18:42:47.224Z"}}, {"model": "questions.answer", "pk": 6, "fields": {"text": "4", "correct": false, "question": 2, "created": "2021-11-05T18:42:47.225Z"}}, {"model": "questions.answer", "pk": 7, "fields": {"text": "4", "correct": true, "question": 3, "created": "2021-11-05T18:43:15.521Z"}}, {"model": "questions.answer", "pk": 8, "fields": {"text": "5", "correct": false, "question": 3, "created": "2021-11-05T18:43:15.523Z"}}, {"model": "questions.answer", "pk": 9, "fields": {"text": "6", "correct": false, "question": 3, "created": "2021-11-05T18:43:15.523Z"}}, {"model": "questions.answer", "pk": 10, "fields": {"text": "4", "correct": false, "question": 4, "created": "2021-11-05T18:43:40.208Z"}}, {"model": "questions.answer", "pk": 11, "fields": {"text": "3", "correct": true, "question": 4, "created": "2021-11-05T18:43:40.209Z"}}, {"model": "questions.answer", "pk": 12, "fields": {"text": "7", "correct": false, "question": 4, "created": "2021-11-05T18:43:40.210Z"}}, {"model": "questions.answer", "pk": 13, "fields": {"text": "6", "correct": true, "question": 5, "created": "2021-11-06T07:09:26.498Z"}}, {"model": "questions.answer", "pk": 14, "fields": {"text": "7", "correct": false, "question": 5, "created": "2021-11-06T07:09:26.500Z"}}, {"model": "questions.answer", "pk": 15, "fields": {"text": "9", "correct": false, "question": 5, "created": "2021-11-06T07:09:26.501Z"}}, {"model": "questions.answer", "pk": 16, "fields": {"text": "8", "correct": true, "question": 6, "created": "2021-11-06T07:09:46.907Z"}}, {"model": "questions.answer", "pk": 17, "fields": {"text": "6", "correct": false, "question": 6, "created": "2021-11-06T07:09:46.910Z"}}, {"model": "questions.answer", "pk": 18, "fields": {"text": "4", "correct": false, "question": 6, "created": "2021-11-06T07:09:46.911Z"}}, {"model": "questions.answer", "pk": 19, "fields": {"text": "01", "correct": false, "question": 7, "created": "2021-11-06T07:10:13.416Z"}}, {"model": "questions.answer", "pk": 20, "fields": {"text": "10", "correct": true, "question": 7, "created": "2021-11-06T07:10:13.417Z"}}, {"model": "questions.answer", "pk": 21, "fields": {"text": "1", "correct": false, "question": 7, "created": "2021-11-06T07:10:13.419Z"}}, {"model": "questions.answer", "pk": 22, "fields": {"text": "6", "correct": false, "question": 8, "created": "2021-11-06T07:10:41.933Z"}}, {"model": "questions.answer", "pk": 23, "fields": {"text": "5", "correct": true, "question": 8, "created": "2021-11-06T07:10:41.934Z"}}, {"model": "questions.answer", "pk": 24, "fields": {"text": "8", "correct": false, "question": 8, "created": "2021-11-06T07:10:41.935Z"}}, {"model": "scores.result", "pk": 1, "fields": {"quiz": 2, "user": 1, "score": 33.333333333333336}}, {"model": "scores.result", "pk": 2, "fields": {"quiz": 2, "user": 1, "score": 33.333333333333336}}, {"model": "scores.result", "pk": 3, "fields": {"quiz": 3, "user": 1, "score": 0.0}}, {"model": "scores.result", "pk": 4, "fields": {"quiz": 2, "user": 1, "score": 33.333333333333336}}, {"model": "scores.result", "pk": 5, "fields": {"quiz": 2, "user": 1, "score": 0.0}}, {"model": "scores.result", "pk": 6, "fields": {"quiz": 3, "user": 1, "score": 0.0}}, {"model": "scores.result", "pk": 7, "fields": {"quiz": 2, "user": 1, "score": 33.333333333333336}}, {"model": "scores.result", "pk": 8, "fields": {"quiz": 2, "user": 1, "score": 33.333333333333336}}, {"model": "scores.result", "pk": 9, "fields": {"quiz": 3, "user": 1, "score": 0.0}}, {"model": "scores.result", "pk": 10, "fields": {"quiz": 3, "user": 1, "score": 0.0}}, {"model": "scores.result", "pk": 11, "fields": {"quiz": 2, "user": 1, "score": 66.66666666666667}}, {"model": "scores.result", "pk": 12, "fields": {"quiz": 2, "user": 1, "score": 0.0}}, {"model": "scores.result", "pk": 13, "fields": {"quiz": 2, "user": 1, "score": 0.0}}, {"model": "scores.result", "pk": 14, "fields": {"quiz": 2, "user": 1, "score": 0.0}}, {"model": "scores.result", "pk": 15, "fields": {"quiz": 2, "user": 1, "score": 0.0}}, {"model": "scores.result", "pk": 16, "fields": {"quiz": 2, "user": 1, "score": 0.0}}, {"model": "scores.result", "pk": 17, "fields": {"quiz": 2, "user": 1, "score": 0.0}}, {"model": "scores.result", "pk": 18, "fields": {"quiz": 2, "user": 1, "score": 33.333333333333336}}, {"model": "scores.result", "pk": 19, "fields": {"quiz": 2, "user": 1, "score": 33.333333333333336}}, {"model": "scores.result", "pk": 20, "fields": {"quiz": 2, "user": 1, "score": 0.0}}, {"model": "scores.result", "pk": 21, "fields": {"quiz": 2, "user": 1, "score": 33.333333333333336}}, {"model": "scores.result", "pk": 22, "fields": {"quiz": 2, "user": 1, "score": 66.66666666666667}}, {"model": "scores.result", "pk": 23, "fields": {"quiz": 2, "user": 1, "score": 0.0}}, {"model": "scores.result", "pk": 24, "fields": {"quiz": 2, "user": 1, "score": 0.0}}, {"model": "scores.result", "pk": 25, "fields": {"quiz": 2, "user": 1, "score": 0.0}}, {"model": "scores.result", "pk": 26, "fields": {"quiz": 2, "user": 1, "score": 0.0}}, {"model": "scores.result", "pk": 27, "fields": {"quiz": 2, "user": 1, "score": 0.0}}, {"model": "scores.result", "pk": 28, "fields": {"quiz": 2, "user": 1, "score": 0.0}}, {"model": "scores.result", "pk": 29, "fields": {"quiz": 2, "user": 1, "score": 0.0}}, {"model": "scores.result", "pk": 30, "fields": {"quiz": 2, "user": 1, "score": 0.0}}, {"model": "scores.result", "pk": 31, "fields": {"quiz": 2, "user": 1, "score": 0.0}}, {"model": "scores.result", "pk": 32, "fields": {"quiz": 2, "user": 1, "score": 0.0}}, {"model": "scores.result", "pk": 33, "fields": {"quiz": 2, "user": 1, "score": 0.0}}, {"model": "scores.result", "pk": 34, "fields": {"quiz": 3, "user": 1, "score": 0.0}}, {"model": "scores.result", "pk": 35, "fields": {"quiz": 2, "user": 1, "score": 0.0}}, {"model": "scores.result", "pk": 36, "fields": {"quiz": 2, "user": 1, "score": 0.0}}, {"model": "scores.result", "pk": 37, "fields": {"quiz": 2, "user": 1, "score": 33.333333333333336}}, {"model": "scores.result", "pk": 38, "fields": {"quiz": 2, "user": 1, "score": 0.0}}, {"model": "scores.result", "pk": 39, "fields": {"quiz": 2, "user": 1, "score": 0.0}}, {"model": "scores.result", "pk": 40, "fields": {"quiz": 2, "user": 1, "score": 66.66666666666667}}, {"model": "scores.result", "pk": 41, "fields": {"quiz": 2, "user": 1, "score": 100.0}}, {"model": "scores.result", "pk": 42, "fields": {"quiz": 2, "user": 1, "score": 0.0}}, {"model": "scores.result", "pk": 43, "fields": {"quiz": 2, "user": 1, "score": 0.0}}]